,ATA,ATC,ATT,ATG,ACA,ACC,ACG,ACT,AAC,AAT,AAA,AAG,AGC,AGT,AGA,AGG,CTA,CTC,CTG,CTT,CCA,CCC,CCG,CCT,CAC,CAT,CAA,CAG,CGA,CGC,CGG,CGT,GTA,GTC,GTG,GTT,GCA,GCC,GCG,GCT,GAC,GAT,GAA,GAG,GGA,GGC,GGG,GGT,TCA,TCC,TCG,TCT,TTC,TTT,TTA,TTG,TAC,TAT,TGC,TGT,TGG
Human,0,0,0,0,0,0,0,0,0,0,0,0,0,0,0,0,0,0,0,0,0,0,0,0,0,0,0,0,0,0,0,0,0,0,0,0,0,0,0,0,0,0,0,0,0,0,0,0,0,0,0,0,0,0,0,0,0,0,0,0,0
Lung,0.476266087,-0.345273652,0.32406038,0.013976029,0.238151073,-0.35428492,-0.468308569,0.2534166,-0.206800267,0.459057994,0.612338245,0.016764163,-0.30819878,0.429651926,0.520769999,0.076284005,0.355396152,-0.322263936,-0.384109234,0.386423585,0.227401361,-0.446324677,-0.521425777,0.210061091,-0.274072184,0.480402451,0.411380194,-0.051286737,0.345041219,-0.502938681,-0.27090775,0.30718641,0.598205135,-0.289584161,-0.280603212,0.440550053,0.215493859,-0.37519089,-0.514794053,0.148799779,-0.303119403,0.414062483,0.578465415,-0.207338314,0.15052781,-0.498090125,-0.329122538,0.260832172,0.341192892,-0.241405522,-0.383598198,0.389872742,-0.306051052,0.313833734,0.659074773,0.365981579,-0.231765163,0.333907548,-0.385566834,0.171072779,-0.166638479
Breast,-0.567565127,-0.351976465,-0.524206052,-0.270298808,-0.045969856,0.179945272,0.089567685,-0.025943071,0.089036076,-0.187018495,-0.030372131,0.156569386,0.455319521,0.147071004,-0.020371884,0.344578335,-0.34124729,-0.127652536,-0.107022715,-0.540083515,0.134263611,0.499620996,0.47027511,0.063039277,0.269535663,-0.160704861,0.049064155,0.15914546,-0.134078973,0.413091489,0.199692432,0.082221219,-0.251335029,-0.083721229,-0.098460164,-0.430447726,-0.120705993,0.147397113,0.12102882,-0.167971069,0.215097012,-0.165798895,-0.100212748,0.328843911,-0.190663237,0.299848376,0.2658388,-0.026323267,0.097427225,0.353434821,0.458570234,0.030906789,-0.267413326,-0.564464316,-0.471065567,-0.375380192,-0.207729747,-0.395969224,0.561583797,0.247992921,-0.307681979
Skin,0.14341329,-0.198093549,0.065434736,-0.0716064,0.248789566,-0.020238015,-0.341460863,0.266923828,0.128123328,0.389551046,0.075173876,-0.310724256,-0.002893755,0.264836256,0.188503899,-0.1116847,0.06140633,-0.06164854,-0.220422195,0.192996756,0.333752374,-0.094591633,-0.318632953,0.342774491,-0.166882021,0.178496515,0.323858801,-0.124577904,-0.185144477,-0.41601586,-0.404327733,-0.073058568,0.10914743,-0.097146886,-0.169209392,0.243558306,-0.065436035,-0.214938381,-0.4775316,0.05581119,-0.027509335,0.2747244,0.281180966,-0.135452566,0.471949534,-0.096670617,0.071595012,0.276812754,0.225797854,0.018560557,-0.113746018,0.29384503,-0.093902436,0.093542256,0.115508885,0.166409912,0.060769556,0.344503073,0.157357999,0.52894368,0.116967245
Spleen,0.468914146,0.098746956,0.266772872,0.133126164,0.219128017,-0.057174846,-0.127601636,0.239367573,0.03214274,0.363400458,0.363962636,0.092620866,-0.191118652,0.147326054,0.269258012,-0.111898246,0.250897754,-0.096775819,-0.166598868,0.330937652,-0.053000581,-0.433486125,-0.553363401,-0.073061845,-0.321203001,0.076833093,0.45899285,-0.061264078,-0.100412708,-0.381061757,-0.364512709,-0.11905556,0.206784282,-0.049521422,-0.138247919,0.354611406,0.132749759,-0.279223298,-0.488549232,0.147575757,-0.127223964,0.298577969,0.421025522,-0.138060919,0.08825209,-0.322156553,-0.382127414,-0.085152527,0.168857353,-0.113037434,-0.392943261,0.175260036,-0.070766808,0.360353885,0.723336018,0.297381495,-0.152871075,0.405746936,-0.214865179,-0.04355638,-0.119501637
Heart,0.007490997,0.043926504,-0.037592607,-0.008928559,-0.038920495,0.008925398,0.114170912,0.043648996,-0.069371481,-0.048035346,-0.214858891,-0.284834274,0.067694605,-0.010996457,0.020800948,0.126644808,0.114970636,0.076175802,0.182545912,0.128632695,0.009755581,0.078140832,0.243628352,-0.016800524,0.053339949,0.05795377,-0.110811386,-0.038155968,-0.065602397,0.119225566,0.162195321,-0.019587489,0.014425494,0.104510946,0.071074144,-0.000459587,-0.011679282,0.051450195,0.357691535,-0.026308659,-0.165165133,-0.22384922,-0.203300476,-0.155640355,0.032569627,0.052748246,0.084883367,-0.046099112,-0.048644304,-0.012945105,0.084307562,-8.46E-06,0.088988353,0.006104177,0.00268704,0.115568652,0.092371713,0.119408766,0.08879173,0.131077993,0.318920223
Liver,-0.15947218,0.042605559,-0.006888754,0.029525251,-0.123017499,-0.022948072,0.086171631,-0.036536124,-0.124082827,-0.203755492,-0.085342677,0.14245624,-0.065371295,-0.100496215,0.040634331,0.055333363,-0.080149104,-0.04534551,0.060811333,0.032199226,0.016241333,0.119284211,0.130617763,0.011543105,0.102037594,0.03127544,-0.177665988,-0.033667803,0.061849741,0.233345823,0.325755225,0.154595935,-0.05266328,0.048505694,0.060064757,0.077452564,0.069331715,0.148681915,0.10875845,0.082711932,-0.077532566,-0.110887997,-0.088632918,-0.00245388,-0.078353107,0.081662185,-0.014176035,0.007174095,-0.092526963,0.015364817,0.079302902,-0.104824391,-0.09068464,-0.054318084,-0.013106641,-0.043980228,-0.069968565,-0.081611789,0.007489409,-0.101203678,-0.091555281
Salivarygland,0.478811325,-0.073865393,0.335026199,0.093966243,0.187090956,-0.135247476,-0.288792558,0.168007113,-0.033546742,0.312285475,0.311225601,-0.008741813,-0.17459155,0.10690982,0.180590757,-0.072007516,0.245723966,-0.099154655,-0.155492157,0.350371451,-0.04613263,-0.39869367,-0.274464487,0.00813476,-0.137449562,0.237525861,0.259762406,-0.131583399,0.192060434,-0.193439652,-0.238894163,-0.028618169,0.403794433,-0.074018434,-0.122851372,0.388355921,0.1056122,-0.212457582,-0.297851511,0.074251623,-0.107956757,0.154297662,0.24507725,-0.136715753,0.060490273,-0.283200024,-0.291380494,0.150610945,0.174018866,-0.100762683,-0.319809984,0.111694838,-0.037459872,0.315947147,0.51208298,0.137092361,0.02611681,0.384716829,-0.507233989,-0.317928688,-0.038591975
Muscle...Skeletal,-0.206054514,0.221824056,-0.153667068,0.042177237,-0.223776219,0.07658713,0.139149878,-0.153490556,-0.029126243,-0.329278949,-0.301660914,0.015426011,-0.007759788,-0.372120582,-0.414864553,-0.055538133,0.003471526,0.200721385,0.353863518,-0.185157103,-0.323031056,0.128669513,0.156113135,-0.153985351,0.185715663,-0.061200325,-0.243022941,-0.046648018,-0.2810747,0.319892823,0.228177309,-0.17486739,-0.192296922,0.260232236,0.260453712,-0.066428821,-0.106626823,0.226616182,0.320151778,0.030040828,0.097349326,-0.265786105,-0.283973593,0.08573318,-0.164481584,0.201008991,0.244235003,-0.10280029,-0.352067532,-0.066678799,-0.050070149,-0.238699794,0.318901863,-0.047281088,-0.469888563,-0.030069531,0.225067472,-0.128681833,0.172457117,0.013939168,0.440990413
Tonsil,-0.535034946,0.010390063,-0.543904834,-0.114951199,-0.365048511,0.221023511,0.417930964,-0.466620251,0.0162978,-0.546957864,-0.342137509,0.158219552,0.318602487,-0.063824092,-0.319596495,0.138009425,-0.363195222,0.04198499,0.312321116,-0.34300988,-0.00111231,0.456079715,0.546069884,-0.028185589,0.188112873,-0.503072577,-0.380192746,0.292545178,0.052906313,0.61336243,0.621606341,0.293470003,-0.448711029,0.108637731,0.0456351,-0.522703189,-0.031616447,0.411691071,0.508056255,-0.111289769,0.196046419,-0.362284261,-0.371145414,0.357634898,-0.335762371,0.371510885,0.287004454,-0.072062948,-0.334135258,0.301452483,0.667439008,-0.173115809,0.066320116,-0.521047734,-0.7294936,-0.321960044,0.058239013,-0.709973745,-0.209377061,-0.554751617,-0.216884887
Smallintestine,0.293658221,-0.081968085,0.195959729,0.099019163,0.167276223,-0.10683607,-0.117743649,0.139289942,-0.046459351,0.247606154,0.375022445,0.182288766,-0.141274669,0.234875181,0.212700824,0.051881067,0.251656242,-0.127022621,-0.148756159,0.294916536,0.021432854,-0.202623863,-0.284700607,-0.020198703,-0.133320366,0.17964212,0.131570772,-0.012949481,0.205119283,-0.308440733,-0.075806783,0.127487705,0.114055111,-0.124167943,-0.083973333,0.194417225,0.037604247,-0.255376766,-0.324695129,0.00778447,-0.064511272,0.226726164,0.319078591,0.024281781,0.051848514,-0.335208028,-0.25886512,-0.040375349,0.193314274,-0.074784981,-0.190380588,0.261363267,-0.112926564,0.15231393,0.337418836,0.110447964,-0.2041225,0.122272733,-0.610260577,-0.155429737,-0.191633604
Placenta,0.075255137,0.132654969,0.270767362,0.011898841,0.213713965,-0.04015426,-0.084002945,0.070341019,0.017486985,0.210577483,0.012553215,-0.102172678,-0.028236873,-0.013938831,-0.102979024,-0.225237154,0.047052269,-0.074841413,-0.078963033,0.192700853,-0.076747331,-0.256341131,-0.306043922,-0.161054237,-0.24807035,0.036644241,0.056557077,-0.041343556,-0.163421343,-0.122707063,-0.151900817,-0.091966736,0.275177491,0.034833744,-0.03660487,0.211688729,0.138177423,-0.124872301,-0.280011388,0.116023814,0.009485642,0.232256732,0.086023249,-0.149556946,0.11335974,0.062265156,-0.156161998,0.08184342,0.101961205,-0.071689103,-0.109865015,0.063695928,-0.026639262,0.2317774,0.265752467,0.187146389,0.095664496,0.111839508,-0.159633263,0.001614474,-0.023972719
Appendices,-0.026284721,-0.05628659,-0.035422857,-0.050175258,0.038010715,0.010520053,0.004327625,0.030194632,0.11906607,0.039791847,0.024171183,-0.011249494,0.022252486,0.098374938,0.077908985,0.07682899,-0.045216474,0.087227552,-0.069768218,-0.057349086,-0.001979189,-0.027724505,-0.309180102,0.056656319,0.03995986,0.169253603,0.061897239,0.009534463,-0.038368662,-0.132683976,-0.288571811,-0.213511892,-0.084437099,-0.094563354,-0.064060337,-0.119494209,-0.068716121,-0.046245208,-0.372656827,0.007191103,-0.060271181,-0.010996247,0.085783441,0.027073556,-0.07128587,-0.138879102,-0.072142221,-0.22416386,0.148823046,0.06751443,0.040346207,0.0539963,0.043096032,0.035002387,-0.030111079,0.005478689,0.145024169,0.210761394,0.191018853,0.37517695,0.226965047
Testis,0.053877029,0.057324377,0.11697881,-0.018036193,-0.048026631,0.000242193,-0.034660711,-0.007814624,-0.017400253,0.095245832,-0.104917979,-0.05368241,-0.020778134,-0.052126942,-0.0386844,-0.056157299,-0.09446313,0.06132,0.010879588,0.046741284,-0.058820137,-0.061158678,0.023810457,-0.023497049,-0.046096955,-0.048464211,-0.078617695,-0.132201293,0.015199523,0.004994659,-0.152525182,0.024658218,0.113951565,0.091325203,0.05006138,0.111347065,-0.041546067,-0.01980557,-0.190045939,-0.008647229,0.006155412,0.117446677,-0.047628608,-0.086955825,0.097937848,0.030836998,0.016737428,0.147689784,0.008820357,-0.002178145,-0.085542033,0.004064895,0.054016595,0.114740772,-0.01683313,0.039011995,0.05005329,0.113066102,0.14567354,0.001539962,0.128930829
Rectum,-0.669871443,0.304451518,-0.538777215,-0.154398884,-0.353614517,0.301079029,0.520037779,-0.450741855,0.030553788,-0.692913517,-0.809598913,0.000294399,0.262806115,-0.51095618,-0.790338266,-0.021098586,-0.471010001,0.466666498,0.643469766,-0.432138543,-0.170109044,0.564745314,0.562505482,-0.243924681,0.37393054,-0.587839662,-0.622194819,0.317265554,-0.330201333,0.684327317,0.586119804,-0.221528048,-0.628290541,0.341393128,0.38540249,-0.695414383,-0.235641178,0.69209118,0.692633156,-0.133588324,0.342277403,-0.444629504,-0.608242675,0.325048844,-0.379099695,0.53230994,0.42142404,-0.308810455,-0.462407029,0.305855794,0.342345955,-0.498559647,0.343077488,-0.3949688,-0.8439941,-0.384253802,0.082671721,-0.587058626,0.424881665,-0.302475199,0.103039308
Urinarybladder,0.168558038,-0.210543504,0.153972578,0.05237642,0.089166499,-0.114059964,-0.181292739,0.015660374,0.016176924,0.190795359,0.210014706,0.11993012,-0.092660014,0.055164616,0.215499705,0.053512152,0.163232229,-0.113547852,-0.189123409,0.188353528,-0.015077596,-0.297896866,-0.212023065,-0.07955795,0.025283281,0.33523867,0.260017242,-0.00344076,0.11187072,-0.252344492,-0.144229495,0.146304587,0.207204724,-0.20882806,-0.123124539,0.09658974,-0.078858032,-0.216474748,-0.028824425,-0.043045289,-0.053431296,0.072421448,0.120669046,0.007415564,-0.055027671,-0.114652827,-0.057869152,-0.022818178,0.042014029,-0.188294944,-0.164193509,0.119634931,-0.094204164,0.119971441,0.172123082,0.037917107,0.156362409,0.312460382,0.056853448,0.21852886,-0.014432989
Prostate,0.37424493,-0.084417905,0.428376317,0.041216846,0.316966584,-0.054502436,-0.376438313,0.257221762,0.136491797,0.462964309,0.288839681,-0.065696042,-0.139425462,0.173110072,0.330383559,-0.024485575,0.073949285,-0.154031537,-0.308965383,0.168739133,0.172859561,-0.294442333,-0.424570778,0.114146258,-0.018611349,0.46875368,0.282468885,-0.12450384,-0.088788652,-0.460703929,-0.370068332,0.105639229,0.314500163,-0.202162691,-0.164459385,0.231411176,0.078806747,-0.36257657,-0.551735667,0.068104603,0.034902211,0.235264222,0.270671867,-0.14287974,0.192821479,-0.324070276,-0.199564554,0.069823925,0.141121145,-0.085598794,-0.29065646,0.191839834,-0.123755949,0.244680763,0.502339986,0.090203963,-0.055775891,0.343955804,-0.165301133,0.367305624,-0.027515258
Esophagus,-0.243248783,-0.073115716,-0.155063762,0.017590203,0.008656489,-0.052639386,-0.044762901,-0.152485667,-0.111110575,-0.046090702,-0.018201112,0.005699921,-0.001889248,-0.057189125,0.039519726,-0.037843036,0.065748803,-0.015271877,0.072081745,-0.018490442,-0.025237488,0.074506834,0.088007511,0.009293978,0.197228399,-0.036249976,0.071467547,0.113937935,-0.136760087,0.01370623,0.037678057,-0.047805315,-0.204279088,-0.046892205,-0.00707501,-0.189744083,-0.022387691,-0.041210185,-0.051682925,-0.021535809,0.097903624,-0.006535518,0.087439207,0.181722317,-0.058193188,-0.070930724,0.016036494,-0.082887081,0.118061289,-0.026766576,-0.00080417,-0.003002433,-0.049961787,-0.087905276,-0.10369784,-0.026282226,-0.036659364,-0.171046836,0.098611521,0.113988534,0.047178316
Kidney,-0.792355471,0.337579925,-0.620657152,-0.105232882,-0.468812213,0.305559798,0.560234998,-0.47985983,0.027380247,-0.720311266,-0.750730681,0.033014359,0.3365032,-0.54078392,-0.548202829,0.225433293,-0.537443008,0.401068339,0.580567648,-0.765282773,-0.255834813,0.621702054,0.83807175,-0.140706249,0.371156364,-0.58768611,-0.74023949,0.149936174,-0.168496808,0.86522999,0.765356364,0.086754662,-0.869134718,0.377939129,0.51675951,-0.659432259,-0.251691446,0.720126621,0.840543679,-0.129153174,0.194176233,-0.660207108,-0.902281726,0.159459143,-0.138607071,0.788688016,0.58588724,0.015171383,-0.557773692,0.247683843,0.492318886,-0.513085154,0.402644265,-0.452506827,-1.052747533,-0.569516594,0.274815311,-0.549531329,0.509235758,-0.269912265,0.085054257
Thyroid,-0.439349598,0.104054019,-0.217127997,-0.028735647,-0.241162158,0.173626751,0.209968468,-0.225876703,0.09823525,-0.304086435,-0.353298512,0.051495462,-0.020100164,-0.261650841,-0.309894249,-0.039874631,-0.289898927,0.232193759,0.25727057,-0.264241046,-0.168469719,0.192914496,0.093103255,-0.076071078,0.107509784,-0.245370645,-0.433643251,0.078077866,-0.064573778,0.291896298,0.328202201,-0.04430466,-0.21554201,0.191211074,0.222932124,-0.221949419,-0.044010971,0.314221414,0.282241655,0.025715721,0.132897326,-0.185836295,-0.489021578,0.032285682,-0.042641,0.241735592,0.310151531,0.063929631,-0.281333325,0.132258223,-0.022622567,-0.265341169,0.246191389,-0.11507431,-0.48878037,-0.207345267,0.215169912,-0.175701566,0.09480606,-0.174850371,0.162673215
Lymphnode,0.120939715,-0.0167548,0.001233598,0.140189305,-0.001314368,0.037994749,0.057692782,0.005295742,-0.021810854,-0.096602196,-0.017955159,0.019169815,-0.051992763,-0.045136357,-0.145381882,-0.148353276,-0.239807935,-0.182043684,-0.185608607,-0.121074528,0.208091873,0.163579857,0.307724357,0.215977856,-0.142945802,-0.201951826,0.103025366,-0.011100121,-0.002271104,-0.060378206,-0.156845552,-0.079666729,0.113832797,-0.118895843,-0.019047803,0.019082485,0.04607755,-0.014451696,0.300958066,0.084062486,0.055011856,0.096466119,0.005817468,0.057966466,0.127004877,0.187395468,0.045480196,0.322681175,-0.040720276,0.032188734,0.039383535,-0.101283969,-0.13771163,-0.062732865,-0.148488145,-0.090485137,-0.076137744,-0.027757098,-0.010413036,0.004423283,-0.168823976
Artery,-0.215828015,-0.06636345,-0.16767518,-0.248394398,-0.067863624,0.213744532,0.203291054,-0.062758917,0.011674421,-0.232111849,-0.229016329,-0.102121815,0.183052237,0.126564333,-0.345388612,-0.072416136,-0.252868526,0.108570782,0.127771533,-0.188743055,0.130125373,0.389381043,0.059202775,0.233000506,0.099576805,-0.190936993,-0.120075444,0.10749028,-0.22448311,0.078571344,-0.01647581,-0.075845735,-0.323922828,0.01791978,0.096162947,-0.411353667,-0.145186564,0.079572808,-0.053042221,-0.089467121,0.152532257,-0.223728845,-0.416547931,-0.036556756,-0.053919351,0.266040534,0.281659314,0.166389888,0.106409972,0.174810373,0.160886546,0.067478758,0.046756012,-0.194716199,-0.25494773,-0.14898275,-0.014263834,-0.296986272,0.584472716,0.377885139,0.189601329
Brain,0.263607939,0.304044117,0.259952793,0.177335249,0.086141072,0.083871254,0.067617571,0.052667879,0.119550774,0.109700495,0.055547335,0.050073325,-0.095525435,-0.077046526,8.42E-06,-0.213437479,-0.008021906,-0.035438224,-0.166740046,0.008110343,-0.160632413,-0.147759934,-0.227127689,-0.203707337,-0.17900311,-0.105016526,-0.045812911,-0.187055628,0.017005165,-0.13154252,-0.253721372,0.045466919,0.217491569,0.136294678,0.028941077,0.208238261,0.035320241,-0.017875797,-0.09811598,0.078690009,0.03122143,0.068920729,-0.004641285,-0.197642536,0.047712692,-0.013762408,-0.127772157,0.027255379,-0.091666578,-0.022108271,-0.059655094,-0.065673311,0.196606656,0.177338205,0.084545978,0.000668349,0.167634917,0.186822241,0.115952425,0.003956012,-0.01497003
Nerve...Tibial,0.519104789,-0.159548433,0.18092407,-0.066903928,0.211359266,0.039507626,0.002485923,0.269384408,0.08047478,0.300937698,0.086194062,-0.367448593,-0.078426997,0.257519423,0.258772629,-0.1298549,-0.06325367,-0.126801235,-0.279373778,0.108450688,0.119150728,-0.166093572,-0.269233427,0.134553513,-0.210602546,0.246964176,0.339265789,-0.07784071,-0.276226353,-0.477257462,-0.467870966,-0.240442595,0.137335923,-0.066028127,-0.123446644,0.241226004,0.199062219,-0.15420175,-0.343436694,0.199653971,-0.08988711,0.185875216,0.339368817,-0.084233236,0.304225198,-0.139472958,-0.078585133,0.078453333,0.436590795,-0.006156395,-0.327736517,0.301320039,0.003356348,0.288513178,0.502520909,0.056631039,-0.075648575,0.279635775,0.307997556,0.606813909,0.096074442
Gallbladder,0.187261329,0.047695758,0.252971779,-0.082763757,0.128402905,0.009110075,-0.134712584,0.203585916,0.11045947,0.227996284,0.247901304,0.016314398,-0.194892045,0.016147046,0.271285909,-0.017122633,0.279204987,-0.172699747,-0.037958277,0.092856609,-0.07051074,-0.207042661,-0.282956981,-0.01364452,-0.069160859,0.223869364,0.246811098,-0.044231563,0.01493156,-0.312931077,-0.259311704,-0.013368168,0.132386005,-0.003363687,-0.075388089,0.199853424,-0.009751326,-0.1839863,-0.143560645,0.030798568,-0.079022531,0.124719833,0.169851776,-0.033952355,0.06329034,-0.152600215,-0.269802184,-0.100841108,0.148615607,-0.211406213,-0.261916029,0.110657708,-0.050172197,0.053003944,0.255951012,0.186462419,-0.205688318,-0.006609644,-0.189960824,0.080268861,-0.03537134
Uterus,-0.619965848,0.011476788,-0.438073233,-0.141864524,-0.108459873,0.128585401,0.336245014,-0.204571448,-0.009687386,-0.306867277,-0.10498533,0.260024105,0.177649654,-0.084132504,-0.223962252,0.04929455,-0.277994614,-0.104838673,0.005727989,-0.445002418,0.064200164,0.435124857,0.471550335,0.071197433,0.196049244,-0.222456803,-0.25618937,0.255021723,-0.042344003,0.246428889,0.212057348,-0.058938526,-0.444477424,0.05435951,0.049161811,-0.555083029,-0.132832583,0.20460772,0.365806982,-0.11600002,0.203422182,-0.049103492,-0.129071732,0.361672583,-0.13186015,0.19127596,0.221096586,-0.199355517,-0.068291272,0.128442958,0.327147628,-0.058823149,-0.183003202,-0.468317052,-0.50239155,-0.289808144,-0.05104936,-0.360915168,0.293922423,-0.085334809,-0.382018625
Pituitary,0.194298839,-0.005392721,0.151133316,0.235082245,0.097073049,-0.153997867,-0.126421699,-0.085173847,0.030175469,0.28477007,0.221829508,0.067998074,-0.214924859,0.012529033,0.302923387,-0.008297489,0.259322999,-0.09061328,-0.129708316,0.235733599,-0.031969746,-0.214682272,0.042473189,-0.133848823,-0.010081059,0.05484987,0.269381744,-0.085048146,0.242226004,-0.148278416,0.062059096,0.163760553,0.066503915,-0.150401505,-0.206760515,0.155458519,0.129953124,-0.112919229,0.070148786,-0.090776108,-0.028264873,0.270626946,0.232645162,-0.183341333,0.053046422,-0.106609042,-0.148952219,0.260246567,-0.221394042,-0.203001148,-0.275951447,-0.029647324,-0.154578667,0.094450871,0.429292487,0.18202757,-0.024142376,0.245267675,-0.153876828,-0.126458484,-0.141548605
Colon,-0.367635296,-0.148970526,-0.423823343,-0.159425567,-0.235037391,0.112248853,0.352928372,-0.237573587,-0.042568102,-0.347678861,-0.306619537,0.080727964,0.418241141,-0.087142043,-0.144311152,0.146436831,-0.15240613,0.095479442,0.248277181,-0.273644254,0.107902486,0.468833309,0.516960769,-0.003088043,0.349881103,-0.261720028,-0.094522145,0.176955868,0.02509912,0.489306554,0.418671466,0.016426272,-0.36061109,-0.094510871,0.050662658,-0.478329181,-0.148776071,0.184929569,0.523644119,-0.257951683,0.170499462,-0.270761634,-0.12785603,0.291151188,-0.318107521,0.308290103,0.172759946,-0.342189815,-0.002970694,0.227072836,0.483594749,-0.10820929,-0.031160244,-0.402124154,-0.334664465,-0.283292706,-0.055700934,-0.437335371,-0.108554459,-0.22345895,-0.176383462
Vagina,-0.436831101,-0.133698529,-0.226907488,-0.159781739,-0.141804533,0.25210327,0.174957576,-0.079613375,0.073106514,-0.151123765,-0.14945778,0.090102268,0.226484799,-0.135127683,-0.113422042,0.007846557,-0.379850343,0.125850638,0.001651219,-0.085564392,0.147415004,0.394629855,0.466202663,0.060546977,0.201623426,-0.221671354,0.112438518,0.193300443,-0.638880937,0.331955401,0.109928644,0.051590018,-0.52541523,0.10600365,0.069455026,-0.210732789,-0.330826767,0.077995385,0.193709807,-0.153560173,0.216276575,-0.150892229,-0.152748954,0.111531279,-0.211757639,0.139746562,0.024511431,-0.462734333,0.073429653,0.162209623,0.672550871,0.231911921,0.119536701,-0.39391987,-0.171884776,-0.408959924,-0.012456207,-0.17679581,-0.125505535,-0.190812542,-0.300966845
Duodenum,0.353928122,-0.069692651,0.211654184,0.023936063,0.187727773,-0.261471042,-0.317879782,0.153697767,0.002160752,0.440462219,0.207085657,-0.08042735,-0.06535621,0.378809635,0.226658392,-0.181932705,0.262411748,-0.105119887,-0.21398331,0.244803436,0.208962111,-0.322598759,-0.248497373,0.183120133,0.00497059,0.155951204,0.298037691,0.021406117,0.090090551,-0.22806786,-0.178245765,0.02242937,0.166185327,-0.143559707,-0.13266382,0.240605308,0.009399935,-0.323928858,-0.087051395,0.043812073,-0.040963552,0.391185684,0.422368933,0.017999797,-0.027830468,-0.3499233,-0.234910532,0.08189909,0.2581776,-0.189478769,-0.219726189,0.092272424,-0.234704347,0.177306072,0.564224087,0.299545493,-0.305017021,0.070951868,-0.371183015,-0.213055639,-0.259168032
Fat,-0.045201066,0.10850408,-0.085504492,-0.068793235,-0.083577509,0.091260341,-0.122501201,-0.030950274,0.031091406,-0.066562063,-0.244390226,-0.144597166,0.155109214,0.019621334,-0.096748895,0.050706377,0.163631251,0.232306277,0.30222422,0.198461046,-0.24122041,0.0150185,-0.00744417,-0.163128828,0.208856434,0.004369659,-0.151347401,0.017792292,-0.189285285,0.196897314,0.186103195,-0.196351414,-0.132304115,0.181984896,0.098233149,-0.127169537,-0.109220206,0.157288792,-0.070721582,-0.059152518,0.020155685,-0.152804904,-0.147754488,-0.042861068,-0.171999227,0.011175136,0.076188108,-0.283624781,-0.061042724,-0.000523577,-0.072270257,-0.113370731,0.266734378,0.005084497,-0.04649962,0.053691654,0.136248599,-0.16541296,0.154507065,0.042689897,0.317224707
Stomach,0.013292242,0.094421865,0.083162437,0.033060572,-0.043804512,-0.033144822,-0.229496748,0.112771852,-0.089995431,-0.066476878,0.113217711,0.090219703,-0.079474296,0.01007816,0.036739771,-0.055635541,-0.045380317,0.035235782,-0.118711597,0.069573498,-0.020011071,-0.042774064,-0.04862978,0.019560886,-0.065237332,0.154652262,-0.039417641,-0.03063048,0.187768074,-0.100636436,-0.080077558,0.021891411,0.066048685,-0.109730803,0.021137637,0.014804654,-0.001362867,-0.070143573,-0.024914104,0.04621754,-0.023285143,0.002052727,0.015018572,-0.014626483,0.104117528,-0.025277869,-0.030840854,0.008967644,-0.026579379,-0.00699533,-0.10590886,0.046004108,-0.094824412,0.037122291,0.119728972,0.051477373,0.031605258,-0.034665859,0.182373362,0.236065595,0.03969303
Adrenal,-0.044565572,0.020944824,0.042033688,-0.060930957,0.038007953,-0.070465953,-0.101695255,0.157187261,-0.010401467,-0.006489547,0.005525256,-0.099579368,-0.111904324,0.001499294,-0.010465803,-0.030412806,0.259433534,0.098105484,0.120273752,0.145130516,-0.005956733,-0.012898769,-0.155465649,0.014356806,-0.127649014,0.072752271,-0.08357859,-0.022817479,0.025914636,-0.1362394,0.002950463,-0.068241855,0.144090597,0.056478407,0.085114021,0.239173839,0.117605866,-0.001320925,0.00914717,0.121563366,-0.06811188,-0.052861325,-0.052789711,-0.09503635,-0.020415587,-0.124038488,-0.039971871,-0.047404907,0.142506281,-0.064967778,-0.220482748,0.007575036,0.055057573,0.090761181,0.065393275,0.179555183,-0.007886304,0.074006494,-0.264750893,-0.168376703,0.263491924
Fallopiantube,0.152980919,-0.257718947,-0.203596281,-0.121072412,0.05550314,-0.112034406,0.097772228,-0.161038986,0.080197406,0.016082428,0.231531614,0.132532597,-0.012128533,0.003291288,0.176528781,0.144557429,-0.203241902,-0.158522053,-0.102540921,-0.206039266,-0.025805495,0.074975987,0.345624648,-0.031102202,0.027507875,-0.209683463,0.160390753,0.106356043,0.078439867,0.373250368,0.271908749,0.128593086,-0.248150769,-0.258711097,-0.177833942,-0.248653411,0.018287635,0.020375535,0.354742137,-0.178029208,0.173993903,0.051979496,0.309004111,0.290657185,-0.0554794,0.010451127,-0.00095363,-0.214271012,-0.021368545,-0.034044127,0.273322729,-0.02946371,-0.29806423,-0.230869449,0.164183365,-0.129177085,-0.077881145,-0.135633462,-0.190836436,-0.173157378,-0.259095011
Smoothmuscle,-0.37781469,0.049501403,-0.263604767,-0.061309774,-0.193146216,0.127791004,0.35397477,-0.248617991,0.078996147,-0.28400659,-0.181611104,0.197777325,0.169205049,-0.124039357,-0.29595475,-0.094209623,-0.367707215,-0.091215848,0.142158662,-0.349118919,-0.016850521,0.291145583,0.341433757,-0.063178731,0.119914324,-0.258555839,-0.241232282,0.261284437,-0.200387404,0.279317701,0.163613804,0.006665869,-0.342710822,0.081640035,0.096648648,-0.335823553,-0.137751549,0.263261944,0.360712488,-0.070881144,0.225254722,-0.114389852,-0.200583409,0.187892102,-0.112796243,0.355767084,0.118575492,-0.101209981,-0.29972706,0.044284789,0.317355397,-0.223476923,0.063280424,-0.389099986,-0.509632749,-0.403734213,-0.016008614,-0.358983173,0.430671554,0.009024526,-0.117620991
Pancreas,0.322840828,-0.083850911,0.302244961,0.103894324,0.180568067,-0.173506481,-0.356705545,0.190306562,-0.137114772,0.227053703,0.394140081,0.074259925,-0.179324756,0.129210337,0.304106985,0.038378218,0.268566755,-0.032323629,-0.174467926,0.230540874,-0.016860807,-0.319624848,-0.257896245,0.00855364,-0.172538909,0.148270245,0.300981239,-0.190446506,0.220758863,-0.291457651,-0.211432993,0.05830668,0.381641698,-0.026911622,-0.200018074,0.373002614,0.076657683,-0.321382449,-0.308182641,0.054624089,-0.20320295,0.169661179,0.227887515,-0.212027319,0.237317366,-0.254904341,-0.204603963,0.110382875,0.101134515,-0.201058607,-0.267671494,0.035185264,0.041569047,0.339275709,0.359168886,0.265038166,-0.049215481,0.287325999,-0.215972095,0.124273701,-0.006281026
Ovary,-0.11266628,-0.022952257,-0.215507665,-0.058816907,-0.117848134,0.11655329,0.089958119,0.019378627,0.047655418,-0.101455892,-0.083994698,-0.07719639,0.174648349,0.074321939,-0.109492357,-0.006512893,-0.047270726,0.040581283,0.06851437,-0.113735473,0.111895128,0.147095064,0.171188145,0.088096432,0.058433864,-0.076469913,0.012167156,0.132185301,-0.02016369,-0.030020448,0.028228422,-0.207311294,-0.222146366,-0.051472577,-0.002885331,-0.149541421,-0.086671875,0.024109428,0.086382557,-0.120807722,0.045450742,-0.030072317,-0.016036237,0.17899019,-0.077531055,0.123685963,0.102533993,0.000547702,-0.013916368,0.063280445,0.198103313,0.02927528,-0.066979127,-0.228139011,-0.17597543,-0.112261339,-0.048302143,-0.253114571,0.140546883,-0.01215538,-0.078095757
